tweet,sentiment,candidate,ACTUAL ,accuracy,Biden,Trump,Total (accurate),total values,accuracy
President-Elect Joe Biden!!! ð­ð­ð­ð­ð­ð­ð­ð­ð­ð­ððððð Finally ðºð¸ðºð¸ðºð¸ðºð¸ðºð¸ @SenKamalaHarris. Our first Female &amp;POC  Vice President! Wow just wow!! #JoeBiden #PresidentElect https://t.co/2RRwR63M3H,1,Biden,1,TRUE,81,75,156,200,78%
"If the @GOP including @realDonaldTrump @GOPLeader @govkristinoem @RudyGiuliani amongst others, canât produce REAL EVIDENCE of voter fraud on Monday morning they need to pack up, go home and STFU. In the face of a 7M+ vote deficit a rational person would concede already. #Biden",0,Biden,0,TRUE,,,,,
Whatever the results - the damage that the election has done to the unity of #American #Jewry will take a while to repair if possible at all: #USElections #Elections2020 #USPresidentialElections #Trump #Biden ðºð¸ð®ð±https://t.co/lVBrwEQpON,0,Biden,0,TRUE,,,,,
"#Election2020  |  âIf your actions inspire others to dream more, learn more, do more and become more, you are a leader.â (Si tus acciones inspiran a otros a soÃ±ar mÃ¡s, aprender mÃ¡s, hacer mÃ¡s y ser mejor, eres un lÃ­der.) John Quincy Adams, 1825.

#Biden #Trump https://t.co/6boukyo2Th",1,Biden,1,TRUE,,,,,
"Also a fine election pun. 
ð https://t.co/L4ZOK1ilyM
#Election2020results #Biden #Lols https://t.co/KuGrSCyQQ6",1,Biden,1,TRUE,,,,,
"Em tempos de fake news Ã© preciso dizer o Ã³bvio: Go Biden! Bye bye Trump!

Se eu votasse nos EUA, obviamente votaria em Joe Biden.

#Elections2020 #Biden",0,Biden,1,FALSE,,,,,
"@StevenBeschloss #trump campaign is in freefall. The national polling average shows Biden with a double-digit lead &amp; almost all swing state polling is leaning towards #Biden as well. In addition, most election models show the Democratic Party winning both the Senate &amp; the House.. #trumplies @GOP",1,Biden,1,TRUE,,,,,
Expecting a surprise by #Biden,1,Biden,1,TRUE,,,,,
Anyone watching the #HamiltonTownHall tonight??  I canât wait! The original cast performs and they are not gonna let #JoeBiden throw away his SHOT! https://t.co/Hs15GkUjoU,0,Biden,1,FALSE,,,,,
"PHOTOS: Philly. Gotta love it.
https://t.co/FM7xZlc7wn via @phillymag @GrittyNHL #PhillyDanceParty #PhillyProud #PhillyVotes #Philly #BidenHarris2020 #Election2020 #JoeBiden #JoeBidenKamalaHarris2020 #VotersDecided",1,Biden,1,TRUE,,,,,
"@MarkWarner @PalmerReport Yes we do!

#CrazyUncleDonald is a danger to theAmerican people &amp; our democracy
 
See/RT video warning of what awaits us if he steals a 2nd term!
#VoteEarly for #Biden; If in PA, MI &amp; WI &amp; are able #VoteInPerson
 
https://t.co/h4XkEJInS6",0,Biden,1,FALSE,,,,,
"Are you looking for youtube SEO experts?
please contact: Fiverr: https://t.co/f4MWI2opK0 or
please contact: Anytask: https://t.co/XOkZBiDPVA

#bestyoutubeseo #YouTuber #youtubechannel #JoeBiden #USElectionResults2020 https://t.co/zGZibxhcqR",1,Biden,1,TRUE,,,,,
"Amazing win! Heartiest congratulations from #India Sir @JoeBiden, I wish you a great &amp; successful innings.

#JoeBiden #JoeBidenKamalaHarris2020 # https://t.co/Es4Zi2xKtu",1,Biden,1,TRUE,,,,,
It will be so nice to see a President with doggies again! #Biden https://t.co/6LfejzMkLy,1,Biden,1,TRUE,,,,,
Tanta paja que hablan los progres ticos contra #Trump pero no le dan crÃ©dito por menos guerras y menos tropas fuera de USA. Lo primero que haria #Biden es armar un guerra en Oriente para pagar la campaÃ±a. Ni @oariascr se atreve a reconocerle su polÃ­tica anti guerras!!,0,Biden,0,TRUE,,,,,
"Funny how LGBT kids voted for Biden, not knowing he's more homophobic than Trump himself ð¤¡. Mfs take for granted everything a dude says during his campaign, specially if it says ""gay rights"" #LGBT #JoeBiden #BidenHarrisToSaveAmerica #VoteTrump2020ToSaveAmerica",1,Biden,1,TRUE,,,,,
"#VoterFraud is apparent at all levels of the #Democrat party.

Understanding that Dems almost always vote ""downballot straight ticket"" IF #JoeBiden votes were real, you would have seen MASSIVE flips in local elections as well.

Actually the opposite is appearing to be true. https://t.co/RQ8lGMQFdf",1,Biden,1,TRUE,,,,,
"7) sur l'environnement et le climat #Biden marque encore des points, mÃªme si #Trump a rÃ©ussi Ã  lui faire dire qu'il allait mettre fin Ã  l'industrie pÃ©troliÃ¨re, qui pourvoie de nb emplois dans les Ãtats clÃ©s de Pennsylvanie (et du Texas)...",0,Biden,0,TRUE,,,,,
@voxdotcom #Trump faced off against a Cy Young winning @mlb pitcher whereas #Biden faced off against your Sunday league softball pitcher. #BidenTownHall #TrumpTownHall,1,Biden,0,FALSE,,,,,
"@lumendoz @JoeBiden @lopezobrador_ Hasta el segundo peor presidente del mundo ya felicito a #Biden.

No sÃ© que espera el sr #Lopes? https://t.co/gBKO1PN3G6",0,Biden,0,TRUE,,,,,
@Acosta Jim you've been all over Trump's ass. I wonder what body part you'll be attached to on #Biden?,0,Biden,0,TRUE,,,,,
"Good morning! I wish I was as excited as that exclamation! ðð

#VOTE 

#VoteThemAllOut 

#Biden https://t.co/lUFxCCy1r6",1,Biden,1,TRUE,,,,,
Time for Trump to get the hell out of the White House! #USElection #Election2020results #Election2020Â Â Â #JoeBiden https://t.co/Zwii2OQ1fp,0,Biden,0,TRUE,,,,,
"Ich gratuliere dem VizeprÃ¤sidenten a.D. @JoeBiden zum Sieg der us-amerikanischen PrÃ¤sidentschaftswahl. 

#Biden hat sich als fairer Sportsmann und echter Demokrat bewiesen. Ich hoffe, dass sich durch seinen Sieg die transatlantischen Beziehungen stabilisieren. #MakeAmericaGreat.",0,Biden,0,TRUE,,,,,
"Looks like results of 2020 presidential election are in...
#Election2020 #ElectionResults2020 #Socialism #DemocratsCheat #Communism #BidenHarris2020 #Biden #BidenIsACheat #BidenIsATraitor #BidenIsASocialist https://t.co/4MXOutAh9w",1,Biden,1,TRUE,,,,,
"@Amy_Siskind Our #CrazyUncleDonald! 

His one hope: Barrett is being rushed through to enable Trumpâs plan to stop vote counting
 
Hear him say it @ 0:10 in this video (RT)
 
To #StopTrumpsElectionTheft, #VoteInPerson2020 in Pennsylvania for #Biden if you are able
 
https://t.co/h4XkEJInS6",1,Biden,1,TRUE,,,,,
"If #Biden wins, hereâs how his administration will deal with #China according to China expert @BaldingsWorld 

ðº Get the full interview at https://t.co/g190OLNJVs

#QuickHit #USElection #2020Election #Democrats https://t.co/ZGaFEhcFEk",1,Biden,1,TRUE,,,,,
"Resisters, remain hopeful!! Itâs not over until all ballots are counted! #BidenHarris #Biden #ItsNotOver 

https://t.co/3Wq7iUUXrX",1,Biden,1,TRUE,,,,,
"Joe Biden is a big Philadelphia Sports Fan

In March @JoeBiden showed off his love for the Phillies on @JimmyKimmelLive 

@6abc 
#JoeBiden https://t.co/MD8OTAllYK",1,Biden,1,TRUE,,,,,
"What I miss the most is the decency that has been completely absent from Trump, his staff, his administration, &amp; the #TrumpCrimeFamily. The constant, lies, crimes, betrayals, bribes, coverups, hypocrisy, attacks on opponents/press/democracy have worn me down more each day. #BIDEN https://t.co/TTw98hjrOv",0,Biden,0,TRUE,,,,,
"#Biden #Harris 1/3:  The country has elected two very able people to lead, and to help heal.  What a relief from the darkness of the past four years.
 ""We will lead not from the example of our power, but from the power of our example"".  - Thank you, Joe!
Such a moving night.",1,Biden,1,TRUE,,,,,
"#IrÃ¡n contento con posible Presidencia de #Biden âLa HegemonÃ­a de Occidente ha terminadoâ

Seguimos contando #terroristas felices https://t.co/CPM89xDbtd",1,Biden,1,TRUE,,,,,
@stefano_b_l @MariaDelGreco1 I agree and I don't even live in the US.  Good luck #JoeBiden,1,Biden,1,TRUE,,,,,
"#Trump #Biden wining at this stage
First to 270 wins
https://t.co/GC8icddGL9",1,Biden,1,TRUE,,,,,
"Do my a big favor. Get in touch with 5 people. Tell them to vote. With empathy and gentleness, let them know why you are going #BidenHarris2020 #Biden",1,Biden,1,TRUE,,,,,
"My first time to vote, overjoyed with the result. He may be the oldest president elected, but heâs certainly the father we will all look up to mend the broken, to unite the divided, and to heal the souls. Congratulations! #Election2020  #JoeBidenKamalaHarris2020 #JoeBiden https://t.co/FHtNQKZtAc",1,Biden,1,TRUE,,,,,
.@AP projects #JoeBiden to win Arizona. https://t.co/8lbmygFqAR https://t.co/AsjhchtyB6,1,Biden,1,TRUE,,,,,
"Everyone should turn off any news coverage. They donât deserve the ratings since they are reporting nothing worthwhile. If we have to wait, just set notifications on your phone. 

#cnn #foxnews #election #ap #msnbc #trump #biden",0,Biden,0,TRUE,,,,,
Kiss for luck! #JoeBiden  #KamalaHarris https://t.co/euYUBbsSTH,1,Biden,1,TRUE,,,,,
"#Bidenâs #COVID19 plan is to do exactly whatâs been done. Testing has increased and hence so many new cases. Testing already is free. We have a surplus of medical equipment and are making PPE as fast as we can. Difference would be #lockdowns 
https://t.co/1wN16hKp4C",1,Biden,1,TRUE,,,,,
Adaleigh:  I may not have many Disney Princesses look like me but now I have something better a Vice President that does #JoeBiden #America #JoeBidenKamalaHarris2020 #KamalaHarrisVP https://t.co/mJN7tii3gB,1,Biden,1,TRUE,,,,,
"JOE BIDEN: ""We are going to win this race. We're on track to over 300 electoral college votes. We've gotten over 74 million votes."" #BreakingNews #JoeBiden #Election2020",1,Biden,1,TRUE,,,,,
"FFS Florida is on the poster. Didn't you notice it! #Biden you are not fit to be president of the #USA.
@MahyarTousi https://t.co/ptlgesgOiV",0,Biden,0,TRUE,,,,,
"Let's be truthful,  #HunterBiden is the worst criminal point man ever! #Biden #BidenCrimeSyndicate exposed by his degenerate son . #LaptopGate #ChinaJoe #UkraineScandal #russiajoe",0,Biden,0,TRUE,,,,,
#ThanksGodHesOut #Biden So happy for the people of America Welcome back in the fight against #ClimateChange https://t.co/Methwi0TZi,1,Biden,1,TRUE,,,,,
"ð£ New Podcast! ""Erin Perrine: Pres. Trump can win Pennsylvania, Michigan, and other swing states"" on @Spreaker #biden #carter #election #mandate #masks #sara #trump https://t.co/YL7psxRtjN",1,Biden,0,FALSE,,,,,
"ParabÃ©ns ao Novo Presidente dos Estados Unidos #joebiden 

. 

Congratulations

.

#joebiden #presidenteamericano 
#2020 #americanpresident  #baydonaldtrump #eleicoes2020  #eleiÃ§Ã£oamericana https://t.co/hCoHXLJHIR",1,Biden,1,TRUE,,,,,
"Secret Rudy Giuliani video shows him being a RACIST about Asians

He would hate it if you Retweet this #Biden #Trump

https://t.co/WBrBzACDhd",0,Biden,0,TRUE,,,,,
"Bravo Biden what a perfect way to end the debate.

""Character, decency honor, respect, dignity is on the ballot. Iâm going to make sure you get that. You havenât been getting that the last four years.""

#DebateTonight  #Debates2020 #debates #BidenHarris2020 #Biden2020 #JoeBiden https://t.co/Xu3ZJzoxFr",1,Biden,1,TRUE,,,,,
I wonder if Trumpy regrets taking a piss on the McCain family #Biden,0,Biden,0,TRUE,,,,,
"Yeah, I'm sure biz will thrive and hire lots of American workers, who will then have lots of extra money to stimulate the economy. NOT!
#Biden
#BidenTaxPlan
https://t.co/HhsGRMMNZh",1,Biden,1,TRUE,,,,,
"Anyone else find it strange that the only state #Biden is still leading in just happens to provide the perfect amount of electoral votes he needs to win??
#Elections2020",1,Biden,0,FALSE,,,,,
#vote with kindness #HarryStyles #BarackObama #joebiden https://t.co/unHNi0atPI,1,Biden,1,TRUE,,,,,
"Joe Biden wins Michigan, flipping a state that was key to President Trumpâs 2016 victory and moving Biden within 6 electoral votes of winning the presidency. #APracecall #Election2020Â #mi #Michigan #JoeBiden",1,Biden,1,TRUE,,,,,
"Every president, beginning with George Washington in 1796, has left their successor a personal letter of encouragement and advice.  Even Barack Obama left one for Donald Trump.  I seriously doubt that Donald Trump will leave a letter for Joe Biden. #Election2020results #Biden",1,Biden,1,TRUE,,,,,
"#PA #Trump 2 #InsiderAdvantage

Is it #Biden's #40BillionDollarOilSubsidy remark that's made this #poll look like it's gonna #CostHimThePresidency? https://t.co/wjGleOVKXN",1,Biden,1,TRUE,,,,,
#JoeBiden #AntiChrist #Elections2020 #CNN #BidenExposed #Share #Retweet https://t.co/PYdtiFxbEh,1,Biden,0,FALSE,,,,,
"@walulis kennt den Gewinner bei #Trump VS #Biden. NatÃ¼rlich nicht, ist aber auch nicht so wichtig: Die lustigsten Berichte aus der Wahlnacht | WALULIS DAILY https://t.co/lQoVtjShBN  

#ElectionDay #Election2020",0,Biden,0,TRUE,,,,,
Hannity: #JoeBiden pay for play.  https://t.co/UgdzHDsiiC,1,Biden,1,TRUE,,,,,
How all you trumpies feeling this morning?? ð¤£ð¤£ð¤£ðð AMERICA BITCHES #JoeBiden #KamalaHarris,0,Biden,0,TRUE,,,,,
"Omg.... #biden actually said, ""Americans don't panic"". Bahaaaa what an absolute idiot!!!! ððð #trump2020",0,Biden,0,TRUE,,,,,
"While #Biden has narrowed the gap in many Red states, it is not yet clear whether the former vice presidentâs improved performance compared to Hillary Clinton four years ago will be sufficient to pass 270 electoral votes. #USelection https://t.co/z5KhjO7zaB",1,Biden,1,TRUE,,,,,
"#JoeBiden
#JoeBidenKamalaHarris2020 #2020Election #2020Elections #2020PresidentialElection 
American created history
Joe Biden make history https://t.co/tIH9fHpanb",1,Biden,1,TRUE,,,,,
"Wow!! #JoeBiden wants to cut Social Security, Medicare and Medicaid?? Tell Joe No!!
#BidenTownHall #Trump2020 https://t.co/0K6MiERmyI",1,Biden,0,FALSE,,,,,
"Most Americans want him to go. He wonât listen
https://t.co/RVlewh9Vxc
#bidenharris2020 #biden #BidenHarrisToEndThisNightmare  #elections2020 #TrumpCollapse",1,Biden,1,TRUE,,,,,
Luv this #TheBoss #BruceSpringsteen who could wish for a better mascot #Biden #Democrats https://t.co/WPugZOjkcE,1,Biden,1,TRUE,,,,,
@KoolaidUSA @EricTrump @realDonaldTrump They are not known for being precise or correct in anything they do!  The  are known for ineptitude and incompetence which is why Biden got the votes he got.#TrumpCorruption #Biden,0,Biden,0,TRUE,,,,,
@BostonGlobe Great to standup against the #Democrat #Biden #racist #antisemite party! https://t.co/SIYHr2bFuA,1,Biden,0,FALSE,,,,,
The challenge for a possible #Biden administration will be to reinvent American foreign policy strategy: a combination with domestic renewal and working with allies in crucial international issues like #ClimateChange  and #Migration,1,Biden,1,TRUE,,,,,
"#Biden #Trump How many millions of those who voted early would like to change their vote now, especially after seeing in the debate how weak Biden is? Glad my vote for Trump is signed, sealed and delivered.",1,Biden,1,TRUE,,,,,
"Wake up #Americans #Trump is destroying everything that sets up apart
#Elections2020 #Election2020 #JoeBiden https://t.co/OhtuBDp3kp",0,Biden,1,FALSE,,,,,
"..

Donald #TRUMP is having 2-3 rallies a day!!!

#biden is hiding in his basement, refusing to talk. Except to tell us what flavor of Pediasure hes having!!!

!!!",0,Biden,0,TRUE,,,,,
"The weather forecast predicted rain today. To me, the sky is crying happy tears. Don the Con is gone! #ByeDon #Biden #BidenHarris2020 #BidenHarrisToEndThisNightmare https://t.co/7QJ6NTTzm5",0,Biden,1,FALSE,,,,,
So we are supposed to believe that the ONLY source of evidence was a document held by this fake journalist?  Sorry but we are not all stupid #FauxNews #FoxNews viewers. #Biden #FakeNewsMedia https://t.co/714pusndHx,1,Biden,0,FALSE,,,,,
"So many votes that literally wonât be counted! #CRIMINAL! If #Biden can overcome #TrumpsCheating, once #DeJoy is fired, DeJoy then needs to be arrested &amp; put on trial for #votetampering! https://t.co/6lYStJdSGj",0,Biden,0,TRUE,,,,,
About bloody time!!! #Biden #PresidentialDebate2020 https://t.co/XFNeTPqXeS,0,Biden,0,TRUE,,,,,
"Si #Biden logra adjudicarse varios de los estados que estÃ¡n pendientes como #Nevada, #Georgia y #Pensilvania, seria ya sin duda el prÃ³ximo presidente de #EstadosUnidos: @gerodriguezsl con @IvanMercadoNews",0,Biden,0,TRUE,,,,,
"@DWUhlfelderLaw @kurteichenwald Trump corruption has spread throughout government.  #Biden will undo the damage; Americans demand it, and Joe can do it!",0,Biden,1,FALSE,,,,,
@CTVNews #Elections2020 why does the CTV site say #Biden has 264 ECVs when all the other sites say he has 253?? No wonder there are conspiracy theories. Smh,0,Biden,0,TRUE,,,,,
"Saying they made a mistake on the debate stage was everything, now letâs get #Biden elected and get rid of these harmful immigration policies and replace them with policies to keep families together! https://t.co/vDX0kOinnO",0,Biden,1,FALSE,,,,,
#DebateTonight #Debate2020 the truth can not be hidden from people before they #vote  ... https://t.co/J4vPrY4O0o .. unlikely but if #Biden wins he will be #Impeached in 1-2-3Months... #KamalaHarris becomes @Potus ... Dangerous! https://t.co/FwAHHs2VtI,1,Biden,1,TRUE,,,,,
"We may be opponents â but we are not enemies. 

We are Americans ~ @JoeBiden 

#HypemastaKavalier
#ReQavaryQreations
#BidenHarris #JOEBIDEN2020
#BidenHarris2020 #JoeBiden https://t.co/mxLwgqw2kI",1,Biden,1,TRUE,,,,,
"#TrumpTraintexas #TrumpTrain2020 #VoteBidenHarrisToSaveAmerica #Biden #BidenHarris #BidenHarris2020 
Trump supporter followed the Biden Bus &amp; rammed into the Biden staffer with his truck when the staffer was following the Biden bus with hazards on! #trumptrainWreck https://t.co/Ivtp3Bl21X",1,Biden,1,TRUE,,,,,
@Scaramucci @realDonaldTrump @JoeBiden @RonaldKlain I believe as a #Canadian ð¨ð¦ that @JoeBiden will hit the ground running in the #WhiteHouse &amp; will not be chasing golf ball like President #DonaldTrump @realDonaldTrump did. Also beside him (#JoeBiden)will be @SenKamalaHarris &amp; they will listen to science regarding #COVID19.,1,Biden,1,TRUE,,,,,
#inners If #JoeBiden makes an ad from event where he asked seniors when was last time they hugged their grandchildren &amp; his gratitude for at least being able to see his (after they come thru the woods to grandpa's house no less) it's a #COVID19 K.O. Lights out. Game over.,1,Biden,0,FALSE,,,,,
"Letâs hope @KamalaHarris can steer #JoeBiden away from his and the #DemocraticPartyâs, propensity for wars.  
#Downunder will no longer support #Americaâs hegemonic attacks on other countries. #nzpol #auspol https://t.co/dTiLndHUoC",0,Biden,0,TRUE,,,,,
"For those who say #Trump is racist, there is no facts to back it up, yet just look at #Biden record... âif you donât vote for me then you ainât blackâ, âpoor kids are just as talented as white kidsâ 1994 crime bill. Legislation from 1988 targeting blacks.Saying he went to an HBCU",0,Biden,0,TRUE,,,,,
Guerre des nerfs! Donald Trump dÃ©nonce lâapparition de bulletins surprises dans plusieurs Ãtatsâ¦ Twitter met en garde ses abonnÃ©s contre les #fakeNews du prÃ©sident qui menace de saisir la Cour suprÃªme et dÃ©nonce une fraude.. #Biden reste confiant #Usa https://t.co/tYttSvmMQB,0,Biden,0,TRUE,,,,,
"""JOE #BIDEN IS A CRIMINAL"": Pres. #Trump Gets HEATED with Reporters in Ari... https://t.co/ojnMkCPUk4 via @YouTube",0,Biden,0,TRUE,,,,,
"If Facebook and Twitter were really interested in stopping misinformation, they would have banned BLM a long time ago

#DeleteFacebook #twitter_off #Election2020 #TrumpRally #Trump2020 #biden #BidenHarris2020 #BidenTownHall #BidenGate",0,Biden,0,TRUE,,,,,
"#JoeBidenâs leadership is making it OK to move on from the chaos.  Good job @MSNBC, @ABC, @NBCNews and @ABC 

ðð»ð¤ðð»ðð»ðªð» https://t.co/WrgV2PNIpp",1,Biden,1,TRUE,,,,,
"Letâs fire #Trump and keep #DrFauci, says #JoeBiden. #Vote #TrumpIsANationalDisgrace https://t.co/Wjqx53k6Nq",0,Biden,1,FALSE,,,,,
@BeingAarohi8 Dekho kya hota hai Waise hai ye joker ek hamare yaha hai ek waha hai ðð... Waha se hume kya bt mera prediction #JoeBiden Hai Dekho Kya hota hai Aisa mujhe lagta hai Kal bhi maine bola tha Wo Jitega Dekhte hai Mai sahi hota hu ya Tm,1,Biden,1,TRUE,,,,,
"#Trump impugnarÃ¡ por âfraudeâ en todos los estados donde ha ganado #Biden. @realDonaldTrump @JoeBiden 
https://t.co/BRiXXGoE7P",1,Biden,0,FALSE,,,,,
"#USElectionsWithMC: @JoeBiden pulled ahead today in the crucial battleground state of Georgia, US media said, with votes still left to count. Details ð

#USElections2020 #USElections #JoeBiden #DonaldTrump 

https://t.co/bKmhORjU7k",0,Biden,0,TRUE,,,,,
"Part 4 Why I voted #JoeBiden
There he did as drunkards &amp; gamblers do. All was lost to the gambling parlors in Atlantic City. My mother told me how she lay in the dirt under the porch of their home when they came to take their possessions to pay for my uncle's debts.
Continues",0,Biden,1,FALSE,,,,,
"lets be honest the whole world wants #DonaldTrump  to be arrested and taken away from the #whitehouse when #biden becomes president 

screaming and whining like the kid he in with the whole world watching",0,Biden,1,FALSE,,,,,
"So, my persistent thought is: How can @JoeBiden criticize &amp; Blame @realDonaldTrump for race complaints after only 4 years as #POTUS, YET #Bidenâs been in elected office for 47 years &amp; @BarackObama was POTUS for 8 years, and handed this mess to #Trump?",0,Biden,0,TRUE,,,,,
"News the Mainstream Media and Big Tech Donât Want You to Know
The #Biden Family #Scandal
Did Joe Biden Know About Son Hunterâs Foreign Deals?
Here Are Some of the Key Characters in the Hunter Biden Story:
https://t.co/ad7hibTATn",0,Biden,0,TRUE,,,,,
"In his latest appearance Joe Biden âforgets where he is then laughs it offâ https://t.co/S4W8wDn09q via @YouTube 
#crookedjoebiden
#joebiden
@joebiden
#trumplandslide2020
#crackpipehunter
@nancypelosi",1,Biden,1,TRUE,,,,,
"LâItalia Ã¨ travolta dal #covid, le #regioni governate dalla #Lega sono allo sbando, con i malati stesi a terra nei corridoi degli #ospedali, ma il #cheerleader italiano di #Trump pensa ai #migranti. #cialtrone https://t.co/NwLG86T6Zg",1,Trump,1,TRUE,,,,,
Best tweet of the day for sure - maybe in history? #Trump @PressSec #sarahsanderlied https://t.co/7knVvtzIjG,1,Trump,1,TRUE,,,,,
#theexpert #trump2020 #TrumpCovidHoax #TrumpLied200KDied #TrumpCovid19 #TrumpsTheBiggestLiarEver #Trump2020Landslide #TrumpTaxReturns #trumpispatientzero #trump #LOL #whatdidtrumpsay #LMAO #TrumpTownHall https://t.co/gz6fehGyfI,1,Trump,0,FALSE,,,,,
"What happened to the environment with 3.5 years of Trump in office
â¬ï¸
""Itâs short term thinking and making it easier to pollute. Look at the C02 emissions, they are rising and we are in a downwards spiral.â 
#trump #trump2020 #biden2020 #maga #gop â¦ https://t.co/jwFz2IRZL3",0,Trump,0,TRUE,,,,,
"Wahl von #BidenHarris2020 gibt #Wirtschaft positive Impulse, zeigt Studie @imkflash. âWahl von Joe #Biden und Kamala #Harris ist eine gute Nachricht. Und das nicht nur, weil die Abwahl von Donald #Trump eine gute Nachricht ist"", sagt @sdullien. 1/3 PM: https://t.co/Jobj5zjRmF https://t.co/n8KqyTVSCU",0,Trump,0,TRUE,,,,,
"@TTuberville Please stand up for Alabama, stand up for our President @realDonaldTrump Don't sit down and celebrate. We won't forget. You don't have a choice. If we loose fair and square,  Ok. But this is not fair. Don't ride coat tails and celebrate.  #PatriotsHoldTheLine #Trump",1,Trump,1,TRUE,,,,,
"@Pete03159577 @welt Ob es bewiesen ist, weiÃt du nicht. Du hast auch nur gesehen, was ich gesehen habe. Die paar Grafiken, die +130000 stimmen fÃ¼r #Biden wo es 0 fÃ¼r #Trump gab.

Wie dem auch sei, das werden Gerichte feststellen.

PS: Ich bin fÃ¼r Trump",0,Trump,0,TRUE,,,,,
"#USElections2020: US Elections: Vote like your life depends on it, says #LadyGaga at final Biden campaign. #USElection #USPresidentialElection2020 #BidenHarris2020 #Biden #ElectionDay #Elections2020 #JoeBiden #KamalaHarris #DonaldTrump @JoeBiden @realDonaldTrump @KamalaHarris https://t.co/dWsBraDsZe",1,Trump,0,FALSE,,,,,
"The only line that keeps us from killing each other is the law.
The point pushed forward by #Trump is:
NO OBSERVERS ===&gt; NO LEGAL VOTE COUNT.
The observers were prevented from doing their job under local laws. He appeals.
We will see how it ends.
We have just to wait and see.",0,Trump,,TRUE,,,,,
.@senatemajldr: You need to go to the White House ASAP and advise @realDonaldTrump he needs to accept the results and that you and the Senate will not support his effort to shred the Constitution... #Trump #McConnell #Election2020,1,Trump,0,FALSE,,,,,
"@plussizedpapi America, Letâs not wait until we get another #trump to make a huge voting turnout like #Election2020Â  .  If we turnout in these numbers, &amp; more, every time we vote, we will NEVER again have another #trump. #PresidentElectJoeBiden",1,Trump,0,FALSE,,,,,
"Joe does forget stuff and leave out his ""contributions"" to Society when convenient.
#PromisesMadePromisesKept  #Trump\Pence2020 https://t.co/39vi7hcBFv",0,Trump,0,TRUE,,,,,
"Now a real and honest reporting.  

#DonaldJTrump has done more for minority community tan any other President.  Proud to support #DonaldTrump for the second term and see our economy boom. https://t.co/jMTDsAL4pl",1,Trump,1,TRUE,,,,,
"#DonaldTrump losing #USElections because either one of this two reasons:

1. He canât lie like Modi 

or

2. Americans wonât trust lies as Indians did.

ð¤·ð½ð¤·ð¼ââï¸ð¤·ð½",0,Trump,0,TRUE,,,,,
Donald #Trump is currently at 58% to concede if he does lose #Election2020. Buy or sell here: https://t.co/hmXvLzCO3i https://t.co/MgOESl97UB,0,Trump,0,TRUE,,,,,
"@nw_cop Iâd say it CAN help too - shows #Police are âHumanâ too like every other person on the planet [excl of course perpetrators of horrific crimes, #ManUtd supporters, #Trump &amp; his supporters etc ð³ð¤¦ð½ââï¸ðð½ââï¸ð¤·ð½ââï¸ð¤£]",1,Trump,,FALSE,,,,,
"You won't see this on the news...but once again, the Trump administration has brought #AmericanHostages home. He didn't pay a dime. He didn't exchange prisoners. He didn't give up a damn thing. He got the job done! #Trump #America https://t.co/Bb5gpi8OfH",1,Trump,1,TRUE,,,,,
"Pennsylvania is YUGE for Trump!

Here's my latest piece-

A Welcome Change in Pennsylvania: Dasha Pruett Is Running With Trump, Not Away From Him

 https://t.co/Rakw7NebRo

@SarahPalinUSA 

#MAGA #KAG #Pennsylvania #DashaPruett #Dasha #KevinScholla #SarahPalin #Trump #Trump2020",1,Trump,1,TRUE,,,,,
The #ElectoralCollege is stupid. The popular vote is all that matters. Who gets enough votes to win. Like #Canada does. Lol. America is fukked. With or without #Trump,1,Trump,1,TRUE,,,,,
"@HillaryClinton @YaleGLC @AmbCdeBaca @FreetheSlaves Ain't gonna give in ..
#end trafficking
#freedom for all
#trump we vote .",1,Trump,1,TRUE,,,,,
"#Trump on Thursday followed through w/a threat to release a recording of his contentious â60 Minutesâ interview with Lesley Stahl before it airs, saying it shows âbias, hatred and rudeness.â 
#TrumpPitiful! https://t.co/NfLYyNsYlb",0,Trump,0,TRUE,,,,,
#Trump is having some difficulties with #Twitter. #Elections2020 https://t.co/OhB4GW4G2S,0,Trump,1,FALSE,,,,,
"Instead of calling India filthy, the US should focus on killing less people every year around the world. #Trump #PresidentialDebate2020",0,Trump,0,TRUE,,,,,
#bidenharis2020 #Trump #Election2020 #ðºð¸ #BreakingNews #BREAKING #TRUMP #DonaldTrump #news #BREAKINGNEWS #HUMOR #USA #ð #ðºð³ #UN  #ðªðº #ð¨ð³ #asia #us  #â¤ï¸ #ðð #africa #australia #SouthAmerica #America #USA #PresidentElectJoe #Melania #flotus #potus #WhiteHouse #can #russia #india https://t.co/UU6cvSTVsp,1,Trump,1,TRUE,,,,,
"Se que no vivo en los estados unidos y que no deberÃ­a de importarme en absoluto lo que suceda allÃ¡ , pero no dejo de sentir un fresquito que me invade al saber que por fin termino la tiranÃ­a de #DonaldTrump . https://t.co/aftLxlkprI",0,Trump,0,TRUE,,,,,
"@MilesParks #Trump is acting out a ranting strategy.  He knows that his outrageous legal claims carrie's  no weight. They do, however give him an excuse for a disgruntled resignation. In which case, #Pence,as #POTUS, will be able to pardon him for his crimes.",0,Trump,0,TRUE,,,,,
"@KamalaHarris The #TRUMP admin. Continues to ShÂ¡t on Women!
Amy #Barrett will be the MOST anti-woman EVER on the court...
#Women who use their #power to #harm other women by reducing their #rights &amp;  #freedom are anti-feminist. They often rise to power within conservative movements. https://t.co/O0aPBXuVr4",1,Trump,0,FALSE,,,,,
"@Lananalula @marcorubio @JoeBiden Not surprised. #Trump loves the presidencyâs power NOT the people. Which is why 200k+ Americans have died. And @marcorubio who I use to admire, enables #Trumpâs #autocratic aspirations. I am praying @JoeBiden wins.",1,Trump,0,FALSE,,,,,
If #Trump wins I wish @springsteen fly me with him to #Australia... #springsteen @springsteen I donât want  to live 4 years more of hate in #America! #vote save my life! I donât have money to move by myself to Australia! https://t.co/zE076T452W,1,Trump,0,FALSE,,,,,
"Graceful loser is not in #Trumpâs DNA, Michigan Gov. Whitmer says
https://t.co/5bQCPSUHZT",0,Trump,0,TRUE,,,,,
"They can't explain it. They're all so overtly hypocritical it's rather sad. I can't imagine how it feels to live with no spine whatsoever. No sense of morals. No ethical nature of any kind. Sad existence.  #VoteToSaveAmerica from #Trump 
#HereWeGo 2 days to finally #VoteHimOut https://t.co/UDWUwQCoZI",0,Trump,0,TRUE,,,,,
"#Trump: The only way for me to lose the #election is ""widespread fraud."" https://t.co/tLwbfjMgGH",0,Trump,0,TRUE,,,,,
"Remember when you were a kid and adults would say, âYou can be anything you want when you #growup. You could even be the #POTUS!â Because thatâs was a high honor and meant something. Talk about stain of the escutcheon #timeshavechanged #Trump #ignominy",1,Trump,1,TRUE,,,,,
"LOL. And people thought Putin was bad. 
#Trump",0,Trump,0,TRUE,,,,,
"#TedCruz called #Trump âutterly amoralâ and a âsniveling coward.â

But now theyâre best pals!

One must conclude that #TedCruz is also utterly amoral and a sniveling coward.  https://t.co/6gzLibvkxx",0,Trump,0,TRUE,,,,,
#DonaldTrump has failed. Mexico hasnât paid for the wall. Where is his healthcare plan? Where is the COVID-19 vaccine? He hasnât stopped the virus. Where are his tax returns? #VoteHimOut #vote #Vote2020 #Biden #BidenHarris #ElectionNight #ElectionDay,0,Trump,0,TRUE,,,,,
"As a woman w/2 black boys, 

Iâm like, this mothrfkr isnât even considering MLK Jr as the best thing for AA? Or the 1st black Potus who came before him? THIS motherfkr w/less than 10% of AA support?! 

How does a #TRUMP even form his lips to say something so asinine? https://t.co/CndhBjl5eL",1,Trump,1,TRUE,,,,,
"The #GOPComplicitTraitors are sinking with the #Trump ship. 

Biden will work to heal the country.  Make sure you get out and vote!

#BidenHarris2020 #Biden2020 #Vote #VoteHimOut https://t.co/o1hor82cXQ",1,Trump,0,FALSE,,,,,
"IK TRUMP DIDN'T JUST CALL HIM SELF ""the least racist person in this room""  TF 

#fucktrump #TrumpIsNotAmerica  #trump #wtf",0,Trump,0,TRUE,,,,,
"@FLOTUS ""Melania!"" Take your husband's phone off him. If my husband embarrassed me as much as yours does on social media I'd sue Vodafone! And don't forget to turn the lights off when U leaveðð¾ #ClimateChangeIsReal
#Election2020results #DonaldTrump #KamalaHarrisVP #JOEBIDEN2020",0,Trump,0,TRUE,,,,,
"Cognitive Dissonance. People will blindly follow this man knowing what he incites. Knowing the base he speaks to. If this is your guy, you've lost your moral compass somewhere along the way. And for that I'm sorry for you. #Election2020 #Trump https://t.co/a6p2M0QeMw",0,Trump,0,TRUE,,,,,
"President #Trump #voted early in #West_Palm_Beach, Fla., this morning, telling a group of supporters: ""I voted for a guy named Trump.""

https://t.co/JW8njF8jbT",1,Trump,1,TRUE,,,,,
@MollyJongFast @RonJohnsonWI I hear ð lawsuit @RonJohnsonWI maybe deflection as you do hang out with predators #Trump #jimjordan #KimberlyGuilfoyle #FoxNews,0,Trump,0,TRUE,,,,,
"#SuburbanWomen

I canât imagine why any womanâd #VoteÂ Â Â Â for #Trump!
He:
- #Lies abt #MailInBallots leading to #VoterFraud while @GOP is placing FAKE #DropBoxes in several #California locations.
#LosAngeles
#SuburbanWomenAgainstTrump #SuburbanWomenForBiden #SuburbanWomanForTrump https://t.co/wW01ZYK5AX",0,Trump,,TRUE,,,,,
"@soul_restlesss Breaked News: Bhakts and BJP blamed Nehru for Trump's loss, says Had Nehru supported Sardar Patel, Trump would have been president today.
#JoeBiden 
#USElection 
#DonaldTrump",0,Trump,0,TRUE,,,,,
"Assuming #Trump loses, how long 'til @Twitter suspends his account for breaching their terms of use so many times? Should it be immediate? #Elections2020",0,Trump,0,TRUE,,,,,
@vfreile @seanlahman @DandC Someone tell this idiot that #Trump will never win NYS. #TrumpIsLosing #TrumpMeltdown,0,Trump,0,TRUE,,,,,
"Trump orders review of auto parts firm pension cuts#economy#auto #cuts #firm #orders #parts #pension #review #trump
https://t.co/RSPwRImkgc",0,Trump,0,TRUE,,,,,
"@55659754Bhaskar @kukk44 @thepainterflynn @joerave @realDonaldTrump @republic @narendramodi @congressdotgov @vonderleyen @KamalaHarris @DrBiden @geetv79 @KPadmaRan1 @kunalkamra88 @FareedZakaria @SunilDsouza @JoeBiden @DickDarryl @gallerygrandeur @rajarajeevkumar @POTUS @FreedaNicholas @BBCHindi He, #Modi is saddened by the loss his beloved Freind Do.. lald #Trump.

So it will take time to come out of this.

 It will give sleep less nightmare to big boss who campaign very hard. https://t.co/qr1AmALtbA",0,Trump,,TRUE,,,,,
@WSJ In The Void Of Lies (A #Novel): Because #Trump is making #Politics down right scandalous. #HealthCare /Infidelity/Drama/Redemption https://t.co/WiKw3l4Vpn,0,Trump,0,TRUE,,,,,
"@Felix52622500 @gnuman1979 @Shareaholic I must admit {just between us},

That I read the last two words of your Tweet as. . .

âPoopie Doodle.â  {Which was my command to my dog to hurry up and poop.} ð

#PopeFrancis says #Trump is Not #Christian",1,Trump,1,TRUE,,,,,
"Icon For Hire - ""Make A Move"" 
#trump is gonna lose @MrTommyLand, 
but you can leave anyway ð
https://t.co/wGtA9ApRjy via @YouTube",0,Trump,0,TRUE,,,,,
"@APSITKrynica @MicrosoftEDU @MIEE_Flopsie @RobynHrivnatz Please visit my freelancing profile. It Helpful for us. It helpful for my freelancing profile, thanks
https://t.co/F312ri0xYt 

#DonaldTrump  #trump #business  #webdesign  #coronavirus  #COVID19  #ecommerce  #LoveinTime  #fashion #HappyLAYDay  #Friends  #family",1,Trump,,FALSE,,,,,
@tippyTylertoo @leap36 Even if my taxes go up-- thank GOD I wont have to listen to SNIVELING #Trump. #liarinchief,1,Trump,1,TRUE,,,,,
What an utter plonker and manchild. No wonder they set aside a high chair at the G7 summit for this woeful excuse for a president. Both puerile &amp; ridiculous at the same time #Trump #TrumpIsALaughingStock #TrumpLied200KDied #TrumpTownHall #DonTheCon https://t.co/x4nLnfBM6U,0,Trump,0,TRUE,,,,,
#LauraIngraham strokes off #Trump's ego in order to tell him he lost &amp; it's time to go. @IngrahamAngle @FoxNews https://t.co/uzZTvQArG9,0,Trump,0,TRUE,,,,,
"So let me get this right. The nuclear briefcase follows #trump around as he plays golf?
I mean do you know how angry men get when they have a bad round of #golf? Just sayin. #TheTrumpShow",0,Trump,0,TRUE,,,,,
"Game Over!!! // Save the world! Joe Biden #JoeBiden Elected 46th President
#DonaldTrump are coming end   #à¹à¸¥à¸·à¸­à¸à¸à¸±à¹à¸à¸­à¹à¸¡à¸£à¸´à¸à¸²2020 #eleccion2020 #ElectionResult2020 #CNN #PresidentElect #PresidentBidenVPHarris2020 #PresidentElectJoe #bidenharis2020 #cnnelection https://t.co/ZfckcxxUgl",1,Trump,0,FALSE,,,,,
ð± they really are all a bunch of liars in the #Trump administration #FoxNews #COVID19 #coronavirus #BidenCares #CNN #VoteBlueToSaveAmerica https://t.co/AzbGHhtRdl,0,Trump,0,TRUE,,,,,
"Seattle still celebrating 
#TrumpIsLosing #Trump #seattle https://t.co/MXwZxogYJD",1,Trump,1,TRUE,,,,,
They talk about crowds in #Trump rallies as evidence of fraud. Look at the streets in Philly and NYC! #Election2020results,0,Trump,0,TRUE,,,,,
"Laughing at how #trump, who has repeatedly advocated #electionfraud (it's all on video) in the lead up to and during the #vote , is now accusing the opposition of it.

All the opposition advocated was to get out and vote.

#Election2020 #Elections2020 #ElectionDay #ElectionNight",1,Trump,0,FALSE,,,,,
"à¤à¤®à¤²à¤¨à¤¾à¤¥ à¤à¥ à¤à¤à¤à¤® à¤¬à¥à¤²à¤¨à¤¾ à¤ªà¤¢à¤¼à¤¾ à¤­à¤¾à¤°à¥ à¤à¤¹à¥à¤ à¤¹à¤¾à¤° à¤¨à¤¾ à¤à¤¾à¤ à¤à¥à¤¨à¤¾à¤µà¥ à¤ªà¤¾à¤°à¥
https://t.co/HSkyZVTtmj
#narendramodi #bjp #congress #rahulgandhi #india #news #jharkhandkhabri #pmo #cm #defense #donaldtrump #kejriwal #hemantsoren #newsoftheday",1,Trump,,FALSE,,,,,
"I swear, of all the shit #Trump and his #TrumpFluffers have pulled, claiming that parents don't want their own children has to be their absolute lowest move yet. #VoteThemOut  https://t.co/nPnxuElOXI",1,Trump,0,FALSE,,,,,
@fox32news GM gr8 coverage people please know we have got to #DumptheChumpTrump @POTUS @FLOTUS Get to Packing #donaldtrump Bye Feliciaðð¼ITS TIME TO GO #BIDENisOurPresidentðð½ð»,1,Trump,0,FALSE,,,,,
"And Jesus said, Lo! Though the sociopath, adulterer, and congenital liar hath allowed the death of a quarter of a million of Godâs children through breathtaking incompetence and criminal negligence, thou shalt still vote for him.

#Election2020 #Trump #VoteHimOut #VoteBlue",0,Trump,0,TRUE,,,,,
"And you wonder why so many Americans vote #Trump with this level of stupidity 

#ElectionNight #ElectionDay #Elections2020 #Election2020 #ElectionDay2020 #elections #ElectionResults2020 #Elecciones2020 #USElection #USElections2020 #USElection2020 #Biden2020 #BidenHarris2020 https://t.co/pSmZppqhkU",0,Trump,0,TRUE,,,,,
"Send these facts everywhere (FB, morning DJs, clergy, sports talk, local news). Some GOPers wavering will not like that #Trump lies about keeping money abroad to avoid taxes that honest Americans pay. Not #MAGA or #DrainTheSwamp. #FactsMatter #CountryOverParty https://t.co/fKm0FV2y5y",0,Trump,1,FALSE,,,,,
"True to #Republican form, A sound bite from a neutral or democratic individual that can be twisted is used to deceptively promote themselves.  Those of us with a brain know a lie when we see it #Trump! #VoteBidenHarrisToEndThisNightmare
https://t.co/VHPCqYy1Pm",1,Trump,1,TRUE,,,,,
"This is great news.

Judge rejects #DOJ's attempt to defend #Trump in #rape defamation lawsuit

https://t.co/bBczNKFjX9",0,Trump,1,FALSE,,,,,
"#Trump should step down now to preserve what's left of his dignity. He may be remembered as a powerful villain like fictional President Francis Underwood in House of Cards; but if he hangs on for longer, his exit could resemble that of disgraced actor Kevin Spacy. #elections https://t.co/kJd3uvbG7e",0,Trump,0,TRUE,,,,,
"#Election2020 el excandidato y senador republicano Mitt Romney sobre #Trump: ""No espere que se vaya en silencio en la noche. PreferirÃ­a ver al mundo viendo una partida mÃ¡s elegante, pero eso no estÃ¡ en la naturaleza de Ã©l, pero no tendrÃ¡ mÃ¡s remedio"". https://t.co/xVJk4BOo8E",0,Trump,0,TRUE,,,,,
@realDonaldTrump @nypost Only if we had real leader  #WhiteHouse told truth cared during #coronavirus about job instead have #trump be best name calling besmirching  people no desire interest helping country incurable narcissistic psychopath #realdonaldtrump soon  replaced empathy reasoning solutions gov,1,Trump,0,FALSE,,,,,
"#ElectionDay 
So aus selektiert, ich geh in die Heia &amp; schlafe bis zum 13. 11. 2020, wenn die letzte Briefwahlstimme ausgezÃ¤hlt ist!
Beim Stand 05:03 Uhr, von:
#Trump = 114
#Biden = 192 ððððGelÃ¤ut aus California
ðð½ð´ð¤ð¤ð¤ð¤ð¤ð¤ð¤ð¤ð¤",0,Trump,0,TRUE,,,,,
@piersmorgan @GMB How come it took 61 days for them to test negative when #Trump was negative after just five days?,0,Trump,0,TRUE,,,,,
Stop slamming your fellow Americans and praising our enemies #Trump #BidenUnitesUs #TrumpDividesUs #VoteBiden https://t.co/7zNkiTLiBL,0,Trump,0,TRUE,,,,,
"The Trump administration let aviation companies lay off more than 16,500 workers while taking coronavirus relief funds â some used the money to pay executives â according to a congressional report..#Trump..#Covid19..",1,Trump,1,TRUE,,,,,
Saw this online and confirming it is true. Search loser then flip to people #Trump https://t.co/Q2m48Mavqw,0,Trump,0,TRUE,,,,,
South Ayrshire Golf club owner loses 2020 presidential election.  #Trump #PresidentElectJoe  https://t.co/AbisgDE7nG,0,Trump,0,TRUE,,,,,
"Custom Handmade D2 Steel Hunting Bowie Knife With Rose Wood Handle.  17"" 
â¢Leather Sheath comes With it.
FOR SALE...
Interested People Messege Me In Inbox.
#Onlineshopping #Amazon #Damascusknife #USA #Europe #Trending #Trump #NewYork #COVID19 #Hunting #Hiking #fishing #Australia https://t.co/a0fjm0Cz5u",1,Trump,,FALSE,,,,,
"@realDonaldTrump
@FLOTUS
@DonaldJTrumpJr

#TRUMP  BACK AWARDS #PMURP DEFFENITION https://t.co/MlrJqoRiox",1,Trump,1,TRUE,,,,,
"#trump rallies, according to #DrFauci is âasking for trouble.â Seemingly, the administration is willing to accept #herdimmunity as an unofficial effort to accept thousands of additional deaths by #COVID19. Itâs a sobering concept that if true could possibly kill 2M+ #Americans. https://t.co/QDlAP2h6v3",0,Trump,0,TRUE,,,,,
"I know of the possible #ElectoralFraud I #Trump before the election and your doubts about counting towards #Democrats.
Here is the detail of it and the tweet censored by Twitter towards Trump. RT, please. 

https://t.co/4NbWuICMaq",0,Trump,0,TRUE,,,,,
"âMail has been sitting for over a week!â: Disturbing video from inside #Florida post office â mail-in ballots âpiled upâ
https://t.co/mvVobt1UFv
#USA #Election2020 #MailInBallot #MailInVoting #VoterSuppression #ElectionDay #Trump",0,Trump,0,TRUE,,,,,
"I never knew that with so many people trying to become #USCitizens so many of her citizens were disgusted w/America. Those voting for #trump are just as culpable for undermining her institutions &amp; laws. Btw, #AreWeGreatYet??? The gr8est of the 25K lies.",0,Trump,0,TRUE,,,,,
"Exactly! Because he couldnât care less about the health of Americans. He only cares about the stock market. Heâs a slimy wannabe businessman turned conman!
#Trump #healthcare https://t.co/aKXXgv0T2f",1,Trump,0,FALSE,,,,,
"@realDonaldTrump being savage for 12 minsð¤£ð #Trump #Trump2020
#Trump2020Landslide #VoteRedLikeYourLifeDependsOnIt
https://t.co/4Hk5pOsNnR",0,Trump,1,FALSE,,,,,
Trump won Ohio #Trump #Trump2020 #ElectionDay #Election2020,1,Trump,1,TRUE,,,,,
"Other than wanting to arm a ""Bear"" in this dumb fuckery quote of #Trump. You do realize this sounds a bit Hitlery, Yes? #VoteBlueToEndTheNightmare https://t.co/aMpBu9kFNb",0,Trump,0,TRUE,,,,,
"#Trump is saying that all the Democratic states are illegally working against him. His stupid ass base will go for that, but not the courts. #TrumpIsALaughingStock again.",0,Trump,0,TRUE,,,,,
"DC is out here celebrating!
#bidenharris2020 #biden2020 #biden #harris #winningteam #gtfo #trump #trumpsucks https://t.co/nVdiTyefBe",1,Trump,1,TRUE,,,,,
"@VanityFair #Trump being dragged out kicking and screaming.
https://t.co/hDLtBYo110",0,Trump,0,TRUE,,,,,
"When you realise half the ""very fine people"" that knelt and chanted #BlackLivesMatter voted for #DonaldTrump https://t.co/vjQb4ztXE8",1,Trump,1,TRUE,,,,,
"@Jason_Leight First question is where did they come from. Because I thought #Trump was wanting to shut down the post office?

Second would be to verify and count then recount to make sure all are accounted for 

And if he wins it he wins it.",1,Trump,0,FALSE,,,,,
"#LIAR, #TRUMPS DONE MORE IN 4 YEARS THAN YOUR IN 2 AND #BIDEN IN 47 YEARS BESIDES #BULLYING &amp; #ACCOSTING #VOTERS WHILE PLACING THE COUNTRY INTO #DIVISION #TURMOILS #THREATS &amp; #ATTACKS BY #PROTESTERS WHO #LOOT &amp; #BURN DOWN #BUSINESSES #USA #VOTE #TRUMP #USA HE CARES MORE ABOUT YOU https://t.co/3p349U8cwt",0,Trump,1,FALSE,,,,,
"The winner of Americaâs election is announced: Biden triumphs over Trump https://t.co/EsD8EbnCFD 

#USA #elections #triumph #Biden #Trump #loser https://t.co/Ht33p4Sz3U",1,Trump,0,FALSE,,,,,
"Aunque no lo crean, NECESITO que gane #Trump. ð¬",0,Trump,0,TRUE,,,,,
"#Trump keep it ð¯ you donât care about them kids on the border. You donât care  if they die, stay alive, or make it back to there family. Same reason why donât care if a white cop kills a person of color but Iâm supposed to believe you make this country great!ð #AmericaOrTrump",1,Trump,1,TRUE,,,,,
"Em live, Bolsonaro fala sobre AmapÃ¡ e eleiÃ§Ãµes municipais, mas nÃ£o de Biden

https://t.co/rQIquxmE7j #SemCategoria #Amapa #DonaldTrump #Eleicoes #EUA #Ja",0,Trump,0,TRUE,,,,,
"@MarkMeadows how many people did you infect, arrogant maskless spreader a&amp;&amp;?  Refusing to wear a mask when speaking to the press when you had been with #DonaldTrump &amp; all the other spreaders. #coronavirus #COVIDã¼19 #SuperSpreader 
https://t.co/uKbnzlMI8u",0,Trump,0,TRUE,,,,,
